pattern,realizes FR,chosen among,required by,supports NFR,components added (Phase 2),connectors added,deployment (Aries)
P05_Trusted_Schemas_Registry,FR14,,P12,,TSR,"publish / read schema, check schema","Schema registry: schema registry = ledger schema + credential definition; Verifiable data registry: the Indy ledger (von-network), run outside the compose file"
P07_DID_Registry,,,P24 P27,,DIDRegistry,,"DID registry (DPKI): DID registry = Indy ledger (von-network); every agent joins the ledger network; Verifiable data registry: the Indy ledger (von-network), run outside the compose file"
P32_Master_and_Sub_Key,FR01,,,,"KeyMgr_H, MasterKeyStore_H, SubKeyDeriv_H",derive,"Key manager (hierarchical): hierarchical keys: Askar wallet (KMS) with per-DID keys; Master key store (offline): approximated: the master key stays in the Askar wallet, not offline; Sub-key derivation: one key per DID, created by the Askar KMS"
P24_Public_DIDs,FR02 FR03 FR06,,P12,,"DIDMgr_I, DIDMgr_V, KeyMgr_I, KeyMgr_V, PublicDID_I, PublicDID_V","publish DID document, publish DID document, controls, controls, stores DIDs, stores DIDs","DID manager: DID management of the agent (/wallet/did); Key manager: key management of the agent: Askar wallet (KMS); Public DID (did:web/ion) + service endpoint: the issuer's public DID, written to the ledger; Public DID + service endpoint: the verifier's public DID, written to the ledger"
P12_Verifiable_ID,FR12,P12/P13/P14,P17,,"IssuanceSvc, VIDIssuer, CredStore_H","issue V-ID, sign, read schema",Credential issuance: issue-credential v2 module of the agent; Verifiable ID issuance: Verifiable ID = credential issued over issue-credential v2; Credential store: credentials kept in the wallet (/credentials)
P25_Pairwise_DIDs,,P25/P26,P29,NFR18,"DIDMgr_H, PairwiseDID_H","controls, DIDComm pairwise channel, DIDComm pairwise channel, stores DIDs","DID manager: DID management of the agent (/wallet/did); Pairwise DID manager (did:peer): a did:peer per connection (DID Exchange, default in ACA-Py 1.x)"
P27_Dual_Resolution,FR07 FR08,,P17 P29,,"Resolver_H, Resolver_I, Resolver_V","resolve + authenticate, resolve + authenticate","DID resolver: resolver built into the agent (did:key, did:peer, did:web; did:sov via the ledger)"
P40_Identity_Hub,,P38/P39/P40,,,IdentityHub,replicate,Identity hub (external agent): not realised by the Aries stack; Wallet (hub-backed): not realised by the Aries stack
P17_Selective_Content_Generation,FR16,,,,"PresGen_H, VerifSvc, PresVerif_V","select claims, present proof, get issuer key, check schema",Presentation generator (selective disclosure): selective disclosure = present-proof v2 with requested attributes; Presentation verification: present-proof v2 module of the verifier; Presentation verifier: verifies the presentation (verified: true)
P29_Off_Chain_Resolution,,P28/P29,,NFR18,,"off-chain resolution, off-chain resolution",(no component added)
